{"initial_reset_timestamp": 1628923554.0153365, "timestamps": [1628923554.6038754, 1628923554.9376173, 1628923554.9903255, 1628923554.9903255, 1628923554.9913251, 1628923554.9913251, 1628923554.9913251, 1628923554.9913251, 1628923555.9238029, 1628923555.9763947, 1628923555.9774537, 1628923555.9774537, 1628923555.9774537, 1628923555.9774537, 1628923555.978458, 1628923555.978458, 1628923555.978458, 1628923555.9793968, 1628923555.9793968, 1628923555.9793968, 1628923555.9804375, 1628923555.9804375, 1628923555.981601, 1628923555.981601, 1628923555.981601, 1628923555.981601, 1628923555.982948, 1628923556.4374082, 1628923556.48309, 1628923556.48309, 1628923556.48309, 1628923556.48309, 1628923556.48309, 1628923556.48309, 1628923556.48309, 1628923556.48309, 1628923556.48309, 1628923556.48309, 1628923556.48309, 1628923556.48309, 1628923556.48309, 1628923556.48309, 1628923556.48309], "episode_lengths": [16, 14, 13, 32, 33, 40, 14, 23, 49, 20, 34, 25, 9, 16, 25, 12, 20, 21, 13, 48, 30, 52, 16, 34, 11, 22, 17, 23, 35, 16, 18, 18, 16, 20, 20, 18, 29, 22, 14, 12, 18, 24, 35], "episode_rewards": [16.0, 14.0, 13.0, 32.0, 33.0, 40.0, 14.0, 23.0, 49.0, 20.0, 34.0, 25.0, 9.0, 16.0, 25.0, 12.0, 20.0, 21.0, 13.0, 48.0, 30.0, 52.0, 16.0, 34.0, 11.0, 22.0, 17.0, 23.0, 35.0, 16.0, 18.0, 18.0, 16.0, 20.0, 20.0, 18.0, 29.0, 22.0, 14.0, 12.0, 18.0, 24.0, 35.0], "episode_types": ["t", "t", "t", "t", "t", "t", "t", "t", "t", "t", "t", "t", "t", "t", "t", "t", "t", "t", "t", "t", "t", "t", "t", "t", "t", "t", "t", "t", "t", "t", "t", "t", "t", "t", "t", "t", "t", "t", "t", "t", "t", "t", "t", "t"]}