{"initial_reset_timestamp": 1628943958.588217, "timestamps": [1628943966.2144966, 1628943973.482273, 1628943979.4917314, 1628943984.9041777, 1628943990.0900288, 1628943995.040977], "episode_lengths": [131, 136, 173, 148, 153, 152], "episode_rewards": [131.0, 136.0, 173.0, 148.0, 153.0, 152.0], "episode_types": ["t", "t", "t", "t", "t", "t", "t", "t"]}